{
  "ETH/USD": {
    "stop_price": 1635.760196,
    "target_price": 1988.30978,
    "entry_price": 1776.780029,
    "atr_used": 70.509917,
    "stop_pct": 7.94,
    "target_pct": 11.91,
    "tier": "core",
    "entry_date": "2026-07-13"
  }
}