{
  "ETH/USD": {
    "stop_price": 1536.961445,
    "target_price": 1943.557771,
    "entry_price": 1699.599976,
    "atr_used": 81.319265,
    "stop_pct": 9.57,
    "target_pct": 14.35,
    "tier": "core",
    "entry_date": "2026-07-02"
  }
}