{
  "ETH/USD": {
    "stop_price": 1641.936501,
    "target_price": 2056.920383,
    "entry_price": 1807.930054,
    "atr_used": 82.996777,
    "stop_pct": 9.18,
    "target_pct": 13.77,
    "tier": "core",
    "entry_date": "2026-06-15"
  }
}