{
  "ETH/USD": {
    "stop_price": 1645.006447,
    "target_price": 2059.99033,
    "entry_price": 1811.0,
    "atr_used": 82.996777,
    "stop_pct": 9.17,
    "target_pct": 13.75,
    "tier": "core",
    "entry_date": "2026-06-15"
  }
}