{
  "ETH/USD": {
    "stop_price": 1679.977866,
    "target_price": 2053.558286,
    "entry_price": 1829.410034,
    "atr_used": 74.716084,
    "stop_pct": 8.17,
    "target_pct": 12.25,
    "tier": "core",
    "entry_date": "2026-07-17"
  }
}