{
  "ETH/USD": {
    "stop_price": 1673.690494,
    "target_price": 2015.564113,
    "entry_price": 1810.439941,
    "atr_used": 68.374724,
    "stop_pct": 7.55,
    "target_pct": 11.33,
    "tier": "core",
    "entry_date": "2026-07-13"
  }
}