{
  "ETH/USD": {
    "stop_price": 1405.402148,
    "target_price": 1791.921803,
    "entry_price": 1560.01001,
    "atr_used": 77.303931,
    "stop_pct": 9.91,
    "target_pct": 14.87,
    "tier": "core",
    "entry_date": "2026-06-30"
  }
}