{
  "ETH/USD": {
    "stop_price": 1544.73143,
    "target_price": 1941.752953,
    "entry_price": 1703.540039,
    "atr_used": 79.404305,
    "stop_pct": 9.32,
    "target_pct": 13.98,
    "tier": "core",
    "entry_date": "2026-07-02"
  }
}