{
  "ETH/USD": {
    "stop_price": 1634.28796,
    "target_price": 2006.093084,
    "entry_price": 1783.01001,
    "atr_used": 74.361025,
    "stop_pct": 8.34,
    "target_pct": 12.51,
    "tier": "core",
    "entry_date": "2026-07-10"
  }
}