{
  "ETH/USD": {
    "stop_price": 1772.013485,
    "target_price": 2149.804785,
    "entry_price": 1923.130005,
    "atr_used": 75.55826,
    "stop_pct": 7.86,
    "target_pct": 11.79,
    "tier": "core",
    "entry_date": "2026-07-15"
  }
}