{
  "ETH/USD": {
    "stop_price": 1770.253475,
    "target_price": 2148.044776,
    "entry_price": 1921.369995,
    "atr_used": 75.55826,
    "stop_pct": 7.87,
    "target_pct": 11.8,
    "tier": "core",
    "entry_date": "2026-07-15"
  }
}