{
  "ETH/USD": {
    "stop_price": 1738.590706,
    "target_price": 2111.663807,
    "entry_price": 1887.819946,
    "atr_used": 74.61462,
    "stop_pct": 7.9,
    "target_pct": 11.86,
    "tier": "core",
    "entry_date": "2026-07-16"
  }
}