{
  "ETH/USD": {
    "stop_price": 1775.093441,
    "target_price": 2152.884741,
    "entry_price": 1926.209961,
    "atr_used": 75.55826,
    "stop_pct": 7.85,
    "target_pct": 11.77,
    "tier": "core",
    "entry_date": "2026-07-15"
  }
}