{
  "SOL/USD": {
    "stop_price": 71.909987,
    "target_price": 92.685023,
    "entry_price": 80.220001,
    "atr_used": 4.155007,
    "stop_pct": 10.36,
    "target_pct": 15.54,
    "tier": "core",
    "entry_date": "2026-07-02"
  }
}