{
  "ETH/USD": {
    "stop_price": 1595.630773,
    "target_price": 1982.503852,
    "entry_price": 1750.380005,
    "atr_used": 77.374616,
    "stop_pct": 8.84,
    "target_pct": 13.26,
    "tier": "core",
    "entry_date": "2026-07-06"
  }
}