{
  "ETH/USD": {
    "stop_price": 1780.621283,
    "target_price": 2120.14321,
    "entry_price": 1916.430054,
    "atr_used": 67.904385,
    "stop_pct": 7.09,
    "target_pct": 10.63,
    "tier": "core",
    "entry_date": "2026-07-20"
  }
}