{
  "ETH/USD": {
    "stop_price": 1696.340518,
    "target_price": 2038.214138,
    "entry_price": 1833.089966,
    "atr_used": 68.374724,
    "stop_pct": 7.46,
    "target_pct": 11.19,
    "tier": "core",
    "entry_date": "2026-07-13"
  }
}